{"cameraMode":{"drawMode":0,"name":"Shaded","section":"Shading Mode"},"sceneLighting":true,"audioPlay":false,"sceneViewState":{"showFog":true,"showMaterialUpdate":false,"showSkybox":true,"showFlares":true,"showImageEffects":true,"showParticleSystems":true},"in2DMode":false,"pivot":{"x":2.0191307067871095,"y":1.4111592769622803,"z":-3.2939493656158449},"rotation":{"x":0.19256943464279176,"y":-0.017356909811496736,"z":0.003408941440284252,"w":0.9811264276504517},"size":1.4108346700668336,"orthographic":false}